index,route_s_m,x,y,z,yaw,road_id,section_id,lane_id,opendrive_s,is_junction,road_option
0,0.0,-40.825497,396.124298,0.0,-63.161747,3,2,-2,66.400788,False,CHANGELANELEFT
1,6.503086,-42.354294,389.803467,0.0,-63.982498,3,2,-1,71.410468,False,LANEFOLLOW
2,7.503077,-41.915649,388.904816,0.0,-63.982498,3,2,-1,72.410468,False,LANEFOLLOW
3,8.503069,-41.477005,388.006165,0.0,-63.982498,3,2,-1,73.410468,False,LANEFOLLOW
4,9.503089,-41.038357,387.107483,0.0,-63.982498,3,2,-1,74.410468,False,LANEFOLLOW
5,10.503081,-40.599712,386.208832,0.0,-63.982498,3,2,-1,75.410468,False,LANEFOLLOW
6,11.503072,-40.161068,385.310181,0.0,-63.982498,3,2,-1,76.410468,False,LANEFOLLOW
7,12.503065,-39.72242,384.41153,0.0,-63.982498,3,2,-1,77.410468,False,LANEFOLLOW
8,13.503084,-39.283775,383.512848,0.0,-63.982498,3,2,-1,78.410468,False,LANEFOLLOW
9,14.503075,-38.845131,382.614197,0.0,-63.982498,3,2,-1,79.410468,False,LANEFOLLOW
10,15.503067,-38.406487,381.715546,0.0,-63.982498,3,2,-1,80.410468,False,LANEFOLLOW
11,16.503087,-37.967838,380.816864,0.0,-63.982498,3,2,-1,81.410468,False,LANEFOLLOW
12,17.503078,-37.529194,379.918213,0.0,-63.982498,3,2,-1,82.410468,False,LANEFOLLOW
13,18.503071,-37.090546,379.019562,0.0,-63.982498,3,2,-1,83.410468,False,LANEFOLLOW
14,19.503063,-36.651901,378.120911,0.0,-63.982498,3,2,-1,84.410468,False,LANEFOLLOW
15,20.503082,-36.213257,377.222229,0.0,-63.982498,3,2,-1,85.410468,False,LANEFOLLOW
16,21.503073,-35.774612,376.323578,0.0,-63.982498,3,2,-1,86.410468,False,LANEFOLLOW
17,22.503066,-35.335964,375.424927,0.0,-63.982498,3,2,-1,87.410468,False,LANEFOLLOW
18,23.503085,-34.89732,374.526245,0.0,-63.982498,3,2,-1,88.410468,False,LANEFOLLOW
19,24.503076,-34.458675,373.627594,0.0,-63.982498,3,2,-1,89.410468,False,LANEFOLLOW
20,25.503069,-34.020027,372.728943,0.0,-63.982498,3,2,-1,90.410468,False,LANEFOLLOW
21,26.503088,-33.581383,371.830261,0.0,-63.982498,3,2,-1,91.410468,False,LANEFOLLOW
22,27.503079,-33.142738,370.93161,0.0,-63.982498,3,2,-1,92.410468,False,LANEFOLLOW
23,28.503071,-32.704094,370.032959,0.0,-63.982498,3,2,-1,93.410468,False,LANEFOLLOW
24,29.503091,-32.265446,369.134277,0.0,-63.982498,3,2,-1,94.410468,False,LANEFOLLOW
25,30.503083,-31.826801,368.235626,0.0,-63.982498,3,2,-1,95.410468,False,LANEFOLLOW
26,31.503076,-31.388153,367.336975,0.0,-63.982498,3,2,-1,96.410468,False,LANEFOLLOW
27,32.501118,-30.950075,366.440216,0.0,-63.919243,3,2,-1,97.410468,False,LANEFOLLOW
28,33.497639,-30.511095,365.545593,0.0,-63.804653,3,2,-1,98.410468,False,LANEFOLLOW
29,34.494157,-30.070322,364.651855,0.0,-63.690063,3,2,-1,99.410468,False,LANEFOLLOW
30,35.490622,-29.627754,363.759064,0.0,-63.575466,3,2,-1,100.410468,False,LANEFOLLOW
31,36.487121,-29.183392,362.867126,0.0,-63.460876,3,2,-1,101.410468,False,LANEFOLLOW
32,37.483644,-28.737265,361.976044,0.0,-63.346287,3,2,-1,102.410468,False,LANEFOLLOW
33,38.480126,-28.289345,361.085907,0.0,-63.231697,3,2,-1,103.410468,False,LANEFOLLOW
34,39.476653,-27.83963,360.196625,0.0,-63.117104,3,2,-1,104.410468,False,LANEFOLLOW
35,40.47316,-27.388153,359.308258,0.0,-63.00251,3,2,-1,105.410468,False,LANEFOLLOW
36,41.469626,-26.93491,358.420837,0.0,-62.887917,3,2,-1,106.410468,False,LANEFOLLOW
37,42.46729,-26.479456,357.533203,0.0,-62.811302,3,2,-1,107.410468,False,LANEFOLLOW
38,43.467281,-26.022533,356.643707,0.0,-62.811302,3,2,-1,108.410468,False,LANEFOLLOW
39,44.467298,-25.565611,355.754181,0.0,-62.811302,3,2,-1,109.410468,False,LANEFOLLOW
40,45.467289,-25.108688,354.864685,0.0,-62.811302,3,2,-1,110.410468,False,LANEFOLLOW
41,46.467279,-24.651766,353.975189,0.0,-62.811302,3,2,-1,111.410468,False,LANEFOLLOW
42,47.467297,-24.194843,353.085663,0.0,-62.811302,3,2,-1,112.410468,False,LANEFOLLOW
43,48.467288,-23.737921,352.196167,0.0,-62.811302,3,2,-1,113.410468,False,LANEFOLLOW
44,49.467278,-23.280998,351.306671,0.0,-62.811302,3,2,-1,114.410468,False,LANEFOLLOW
45,50.467296,-22.824076,350.417145,0.0,-62.811302,3,2,-1,115.410468,False,LANEFOLLOW
46,51.467286,-22.367153,349.527649,0.0,-62.811302,3,2,-1,116.410468,False,LANEFOLLOW
47,52.467304,-21.910231,348.638123,0.0,-62.811302,3,2,-1,117.410468,False,LANEFOLLOW
48,53.467294,-21.453308,347.748627,0.0,-62.811302,3,2,-1,118.410468,False,LANEFOLLOW
49,54.467285,-20.996386,346.859131,0.0,-62.811302,3,2,-1,119.410468,False,LANEFOLLOW
50,55.467303,-20.539463,345.969604,0.0,-62.811302,3,2,-1,120.410468,False,LANEFOLLOW
51,57.003603,-19.837488,344.603058,0.0,-62.811302,3,3,-1,121.946781,False,LANEFOLLOW
52,58.003593,-19.380566,343.713562,0.0,-62.811302,3,4,-1,122.946781,False,LANEFOLLOW
53,58.400646,-19.561991,344.066742,0.0,-62.811302,3,4,-1,122.549722,False,LANEFOLLOW
54,59.400664,-19.105068,343.177216,0.0,-62.811302,3,4,-1,123.549722,False,LANEFOLLOW
55,60.400654,-18.648146,342.28772,0.0,-62.811302,3,4,-1,124.549722,False,LANEFOLLOW
56,61.400645,-18.191223,341.398224,0.0,-62.811302,3,4,-1,125.549722,False,LANEFOLLOW
57,62.400663,-17.734301,340.508698,0.0,-62.811302,3,4,-1,126.549722,False,LANEFOLLOW
58,63.400653,-17.277378,339.619202,0.0,-62.811302,3,4,-1,127.549722,False,LANEFOLLOW
59,64.400644,-16.820456,338.729706,0.0,-62.811302,3,4,-1,128.549722,False,LANEFOLLOW
60,65.400661,-16.363533,337.840179,0.0,-62.811302,3,4,-1,129.549722,False,LANEFOLLOW
61,67.144492,-15.566734,336.289032,0.0,-62.811302,465,0,-1,0.0,True,STRAIGHT
62,69.579572,-14.714393,334.007996,0.0,-77.297089,470,0,-1,2.0,True,LANEFOLLOW
63,70.822072,-14.526094,332.779846,0.0,-85.269859,470,0,-1,3.0,True,LANEFOLLOW
64,72.064609,-14.509966,331.537415,0.0,-93.242638,470,0,-1,4.0,True,LANEFOLLOW
65,73.30709,-14.666318,330.30481,0.0,-101.215416,470,0,-1,5.0,True,LANEFOLLOW
66,74.548805,-14.991779,329.106506,0.0,-109.161049,470,0,-1,6.0,True,LANEFOLLOW
67,75.788967,-15.47851,327.965851,0.0,-117.056061,470,0,-1,7.0,True,LANEFOLLOW
68,77.02913,-16.117306,326.902863,0.0,-124.95108,470,0,-1,8.0,True,LANEFOLLOW
69,78.269276,-16.896055,325.937714,0.0,-132.8461,470,0,-1,9.0,True,LANEFOLLOW
70,79.509421,-17.799995,325.088684,0.0,-140.741104,470,0,-1,10.0,True,LANEFOLLOW
71,81.085441,-19.101801,324.200348,0.0,-149.613449,68,0,-1,0.0,False,LANEFOLLOW
72,82.08544,-19.964434,323.694519,0.0,-149.613449,68,0,-1,1.0,False,LANEFOLLOW
73,83.085439,-20.827066,323.18869,0.0,-149.613449,68,0,-1,2.0,False,LANEFOLLOW
74,84.085438,-21.689699,322.682861,0.0,-149.613449,68,0,-1,3.0,False,LANEFOLLOW
75,85.085436,-22.55233,322.177032,0.0,-149.613449,68,0,-1,4.0,False,LANEFOLLOW
76,86.085435,-23.414963,321.671204,0.0,-149.613449,68,0,-1,5.0,False,LANEFOLLOW
77,87.085434,-24.277596,321.165375,0.0,-149.613449,68,0,-1,6.0,False,LANEFOLLOW
78,88.085448,-25.140228,320.659515,0.0,-149.613449,68,0,-1,7.0,False,LANEFOLLOW
79,89.085447,-26.002861,320.153687,0.0,-149.613449,68,0,-1,8.0,False,LANEFOLLOW
80,90.085446,-26.865494,319.647858,0.0,-149.613449,68,0,-1,9.0,False,LANEFOLLOW
81,91.085445,-27.728127,319.142029,0.0,-149.613449,68,0,-1,10.0,False,LANEFOLLOW
82,92.085444,-28.590759,318.6362,0.0,-149.613449,68,0,-1,11.0,False,LANEFOLLOW
83,93.085443,-29.453392,318.130371,0.0,-149.613449,68,0,-1,12.0,False,LANEFOLLOW
84,94.085443,-30.316025,317.624542,0.0,-149.613449,68,0,-1,13.0,False,LANEFOLLOW
85,95.085438,-31.178654,317.118713,0.0,-149.613449,68,0,-1,14.0,False,LANEFOLLOW
86,96.085437,-32.041286,316.612885,0.0,-149.613449,68,0,-1,15.0,False,LANEFOLLOW
87,97.085436,-32.903919,316.107056,0.0,-149.613449,68,0,-1,16.0,False,LANEFOLLOW
88,98.085435,-33.766552,315.601227,0.0,-149.613449,68,0,-1,17.0,False,LANEFOLLOW
89,99.085434,-34.629185,315.095398,0.0,-149.613449,68,0,-1,18.0,False,LANEFOLLOW
90,100.085434,-35.491817,314.589569,0.0,-149.613449,68,0,-1,19.0,False,LANEFOLLOW
91,101.085448,-36.35445,314.08371,0.0,-149.613449,68,0,-1,20.0,False,LANEFOLLOW
92,102.085447,-37.217083,313.577881,0.0,-149.613449,68,0,-1,21.0,False,LANEFOLLOW
93,103.085446,-38.079716,313.072052,0.0,-149.613449,68,0,-1,22.0,False,LANEFOLLOW
94,104.07696,-38.934803,312.570129,0.0,-149.335983,68,0,-1,23.0,False,LANEFOLLOW
95,105.034084,-39.752045,312.07193,0.0,-147.932388,68,0,-1,24.0,False,LANEFOLLOW
96,105.991166,-40.556828,311.553925,0.0,-146.528778,68,0,-1,25.0,False,LANEFOLLOW
97,106.948272,-41.348686,311.016327,0.0,-145.125168,68,0,-1,26.0,False,LANEFOLLOW
98,107.905388,-42.127136,310.459473,0.0,-143.721588,68,0,-1,27.0,False,LANEFOLLOW
99,108.862497,-42.891712,309.883728,0.0,-142.317978,68,0,-1,28.0,False,LANEFOLLOW
100,109.819609,-43.64196,309.289429,0.0,-140.914383,68,0,-1,29.0,False,LANEFOLLOW
101,110.776709,-44.377419,308.676941,0.0,-139.510788,68,0,-1,30.0,False,LANEFOLLOW
102,111.733808,-45.09766,308.046631,0.0,-138.107178,68,0,-1,31.0,False,LANEFOLLOW
103,112.690907,-45.802242,307.398865,0.0,-136.703583,68,0,-1,32.0,False,LANEFOLLOW
104,113.648022,-46.490746,306.734009,0.0,-135.299973,68,0,-1,33.0,False,LANEFOLLOW
105,114.644498,-47.197697,306.031738,0.0,-135.184982,68,0,-1,34.0,False,LANEFOLLOW
106,115.51627,-47.800003,305.401489,0.0,-130.995819,68,0,-1,35.0,False,LANEFOLLOW
107,116.344498,-48.312057,304.750519,0.0,-125.382553,68,0,-1,36.0,False,LANEFOLLOW
108,117.172732,-48.757988,304.052582,0.0,-119.769287,68,0,-1,37.0,False,LANEFOLLOW
109,118.00092,-49.133511,303.314423,0.0,-114.156029,68,0,-1,38.0,False,LANEFOLLOW
110,118.829145,-49.435024,302.54303,0.0,-108.542755,68,0,-1,39.0,False,LANEFOLLOW
111,119.657396,-49.659645,301.745819,0.0,-102.929489,68,0,-1,40.0,False,LANEFOLLOW
112,120.485627,-49.805214,300.930481,0.0,-97.316231,68,0,-1,41.0,False,LANEFOLLOW
113,122.237966,-49.881641,299.17981,0.0,-89.253448,68,0,-1,43.0,False,LANEFOLLOW
114,123.151972,-49.847301,298.266449,0.0,-86.440445,68,0,-1,44.0,False,LANEFOLLOW
115,124.065925,-49.768185,297.355927,0.0,-83.627441,68,0,-1,45.0,False,LANEFOLLOW
116,124.979945,-49.644474,296.450317,0.0,-80.814445,68,0,-1,46.0,False,LANEFOLLOW
117,125.893927,-49.476463,295.55191,0.0,-78.001442,68,0,-1,47.0,False,LANEFOLLOW
118,126.807926,-49.264572,294.662811,0.0,-75.188438,68,0,-1,48.0,False,LANEFOLLOW
119,127.721894,-49.009296,293.785217,0.0,-72.375435,68,0,-1,49.0,False,LANEFOLLOW
120,128.65646,-48.705524,292.901398,0.0,-70.235435,68,0,-1,50.0,False,LANEFOLLOW
121,129.65216,-48.368652,291.964417,0.0,-70.094086,68,0,-1,51.0,False,LANEFOLLOW
122,130.624017,-48.030422,291.053314,0.0,-69.173294,68,0,-1,52.0,False,LANEFOLLOW
123,131.595874,-47.677593,290.147766,0.0,-68.252502,68,0,-1,53.0,False,LANEFOLLOW
124,132.567747,-47.310261,289.247986,0.0,-67.331711,68,0,-1,54.0,False,LANEFOLLOW
125,133.539599,-46.928516,288.354248,0.0,-66.410912,68,0,-1,55.0,False,LANEFOLLOW
126,134.511475,-46.532455,287.466736,0.0,-65.49012,68,0,-1,56.0,False,LANEFOLLOW
127,135.483331,-46.122185,286.585724,0.0,-64.569328,68,0,-1,57.0,False,LANEFOLLOW
128,136.455208,-45.697807,285.711395,0.0,-63.648529,68,0,-1,58.0,False,LANEFOLLOW
129,137.427091,-45.259434,284.843994,0.0,-62.727737,68,0,-1,59.0,False,LANEFOLLOW
130,138.398932,-44.807182,283.983795,0.0,-61.806938,68,0,-1,60.0,False,LANEFOLLOW
131,139.371205,-44.340977,283.130585,0.0,-60.898846,68,0,-1,61.0,False,LANEFOLLOW
132,140.371194,-43.854622,282.256836,0.0,-60.898846,68,0,-1,62.0,False,LANEFOLLOW
133,141.371208,-43.368271,281.383057,0.0,-60.898846,68,0,-1,63.0,False,LANEFOLLOW
134,142.371197,-42.881916,280.509308,0.0,-60.898846,68,0,-1,64.0,False,LANEFOLLOW
135,143.37121,-42.395565,279.635529,0.0,-60.898846,68,0,-1,65.0,False,LANEFOLLOW
136,144.371199,-41.90921,278.76178,0.0,-60.898846,68,0,-1,66.0,False,LANEFOLLOW
137,145.371213,-41.422859,277.888,0.0,-60.898846,68,0,-1,67.0,False,LANEFOLLOW
138,146.371202,-40.936504,277.014252,0.0,-60.898846,68,0,-1,68.0,False,LANEFOLLOW
139,147.371189,-40.450153,276.140503,0.0,-60.898846,68,0,-1,69.0,False,LANEFOLLOW
140,148.371205,-39.963799,275.266724,0.0,-60.898846,68,0,-1,70.0,False,LANEFOLLOW
141,149.371192,-39.477448,274.392975,0.0,-60.898846,68,0,-1,71.0,False,LANEFOLLOW
142,150.371208,-38.991093,273.519196,0.0,-60.898846,68,0,-1,72.0,False,LANEFOLLOW
143,151.371195,-38.504742,272.645447,0.0,-60.898846,68,0,-1,73.0,False,LANEFOLLOW
144,152.37121,-38.018387,271.771667,0.0,-60.898846,68,0,-1,74.0,False,LANEFOLLOW
145,153.371197,-37.532036,270.897919,0.0,-60.898846,68,0,-1,75.0,False,LANEFOLLOW
146,154.371213,-37.045681,270.024139,0.0,-60.898846,68,0,-1,76.0,False,LANEFOLLOW
147,156.192293,-36.159985,268.432953,0.0,-60.898846,643,0,-1,0.0,True,STRAIGHT
148,157.192282,-35.67363,267.559204,0.0,-60.898846,643,0,-1,1.0,True,STRAIGHT
149,158.197741,-35.185459,266.680206,0.0,-61.077694,643,0,-1,2.0,True,STRAIGHT
150,159.206826,-34.699734,265.795715,0.0,-61.375221,643,0,-1,3.0,True,STRAIGHT
151,160.215931,-34.218609,264.908691,0.0,-61.672752,643,0,-1,4.0,True,STRAIGHT
152,161.224993,-33.742104,264.019226,0.0,-61.970291,643,0,-1,5.0,True,STRAIGHT
153,162.234093,-33.270218,263.127258,0.0,-62.267818,643,0,-1,6.0,True,STRAIGHT
154,163.243172,-32.802963,262.23288,0.0,-62.565212,643,0,-1,7.0,True,STRAIGHT
155,164.246199,-32.341488,261.342316,0.0,-62.663471,643,0,-1,8.0,True,STRAIGHT
156,165.249676,-31.881573,260.450439,0.0,-62.778061,643,0,-1,9.0,True,STRAIGHT
157,166.253155,-31.423431,259.557648,0.0,-62.892658,643,0,-1,10.0,True,STRAIGHT
158,167.256667,-30.967066,258.66391,0.0,-63.007248,643,0,-1,11.0,True,STRAIGHT
159,168.260189,-30.512478,257.769257,0.0,-63.121838,643,0,-1,12.0,True,STRAIGHT
160,170.261191,-29.609285,255.983688,0.0,-63.174267,13,0,-1,0.0,False,LANEFOLLOW
161,171.261188,-29.158007,255.091309,0.0,-63.174267,13,0,-1,1.0,False,LANEFOLLOW
162,172.261185,-28.706728,254.198929,0.0,-63.174267,13,0,-1,2.0,False,LANEFOLLOW
163,173.261195,-28.255451,253.306534,0.0,-63.174267,13,0,-1,3.0,False,LANEFOLLOW
164,174.261192,-27.804173,252.414154,0.0,-63.174267,13,0,-1,4.0,False,LANEFOLLOW
165,175.25652,-27.354097,251.526398,0.0,-63.022186,13,0,-1,5.0,False,LANEFOLLOW
166,176.250495,-26.901642,250.641373,0.0,-62.824699,13,0,-1,6.0,False,LANEFOLLOW
167,177.24447,-26.446154,249.757904,0.0,-62.627209,13,0,-1,7.0,False,LANEFOLLOW
168,178.238443,-25.987633,248.876007,0.0,-62.429722,13,0,-1,8.0,False,LANEFOLLOW
169,179.2324,-25.526079,247.995712,0.0,-62.232235,13,0,-1,9.0,False,LANEFOLLOW
170,180.226381,-25.061491,247.116989,0.0,-62.034744,13,0,-1,10.0,False,LANEFOLLOW
171,181.220341,-24.59387,246.239899,0.0,-61.837257,13,0,-1,11.0,False,LANEFOLLOW
172,182.214314,-24.12323,245.36441,0.0,-61.639771,13,0,-1,12.0,False,LANEFOLLOW
173,183.20827,-23.649572,244.49057,0.0,-61.44228,13,0,-1,13.0,False,LANEFOLLOW
174,184.20224,-23.172913,243.618347,0.0,-61.244793,13,0,-1,14.0,False,LANEFOLLOW
175,185.196218,-22.693233,242.747772,0.0,-61.047314,13,0,-1,15.0,False,LANEFOLLOW
176,186.190166,-22.210583,241.878876,0.0,-60.849823,13,0,-1,16.0,False,LANEFOLLOW
177,187.184159,-21.724913,241.011612,0.0,-60.652336,13,0,-1,17.0,False,LANEFOLLOW
178,188.178107,-21.236269,240.146072,0.0,-60.454849,13,0,-1,18.0,False,LANEFOLLOW
179,189.172085,-20.744656,239.282181,0.0,-60.257359,13,0,-1,19.0,False,LANEFOLLOW
180,190.166049,-20.250051,238.420013,0.0,-60.059872,13,0,-1,20.0,False,LANEFOLLOW
181,191.16003,-19.752476,237.55954,0.0,-59.862385,13,0,-1,21.0,False,LANEFOLLOW
182,192.153982,-19.251959,236.700806,0.0,-59.664894,13,0,-1,22.0,False,LANEFOLLOW
183,193.150383,-18.74748,235.841553,0.0,-59.546413,13,0,-1,23.0,False,LANEFOLLOW
184,194.150375,-18.240639,234.979523,0.0,-59.546413,13,0,-1,24.0,False,LANEFOLLOW
185,195.150379,-17.733799,234.117477,0.0,-59.546413,13,0,-1,25.0,False,LANEFOLLOW
186,196.984145,-16.804373,232.536697,0.0,-59.546413,649,0,-1,0.0,True,LANEFOLLOW
187,196.984145,-16.804373,232.536697,0.0,-59.546413,650,0,-1,0.0,True,STRAIGHT
188,197.98415,-16.297533,231.674652,0.0,-59.546413,649,0,-1,1.0,True,LANEFOLLOW
189,198.93877,-15.80394,230.857544,0.0,-58.061768,649,0,-1,2.0,True,LANEFOLLOW
190,199.889519,-15.289686,230.057877,0.0,-56.450859,649,0,-1,3.0,True,LANEFOLLOW
191,200.840295,-14.753157,229.272949,0.0,-54.839943,649,0,-1,4.0,True,LANEFOLLOW
192,201.791069,-14.194774,228.503418,0.0,-53.229031,649,0,-1,5.0,True,LANEFOLLOW
193,202.741826,-13.614979,227.749908,0.0,-51.618118,649,0,-1,6.0,True,LANEFOLLOW
194,203.692592,-13.014229,227.012985,0.0,-50.007202,649,0,-1,7.0,True,LANEFOLLOW
195,204.536326,-12.444665,226.390503,0.0,-44.901104,649,0,-1,8.0,True,LANEFOLLOW
196,205.375317,-11.82383,225.826172,0.0,-39.639069,649,0,-1,9.0,True,LANEFOLLOW
197,206.214299,-11.153858,225.321167,0.0,-34.377033,649,0,-1,10.0,True,LANEFOLLOW
198,207.053285,-10.440394,224.87973,0.0,-29.114998,649,0,-1,11.0,True,LANEFOLLOW
199,207.892271,-9.689453,224.505585,0.0,-23.852961,649,0,-1,12.0,True,LANEFOLLOW
200,209.706378,-7.986634,223.879974,0.0,-19.236786,71,0,-1,0.0,False,LANEFOLLOW
201,210.535023,-7.191852,223.645508,0.0,-13.637426,71,0,-1,1.0,False,LANEFOLLOW
202,211.363672,-6.377985,223.489685,0.0,-8.038067,71,0,-1,2.0,False,LANEFOLLOW
203,212.19232,-5.552798,223.414032,0.0,-2.438707,71,0,-1,3.0,False,LANEFOLLOW
204,213.020967,-4.724167,223.419266,0.0,3.160653,71,0,-1,4.0,False,LANEFOLLOW
205,213.849615,-3.9,223.50531,0.0,8.760014,71,0,-1,5.0,False,LANEFOLLOW
206,214.794674,-2.96863,223.665588,0.0,10.558084,71,0,-1,6.0,False,LANEFOLLOW
207,215.725307,-2.057312,223.854202,0.0,12.827274,71,0,-1,7.0,False,LANEFOLLOW
208,216.655936,-1.154175,224.078735,0.0,15.096466,71,0,-1,8.0,False,LANEFOLLOW
209,217.586565,-0.260637,224.338852,0.0,17.365656,71,0,-1,9.0,False,LANEFOLLOW
210,218.517198,0.621901,224.634155,0.0,19.634846,71,0,-1,10.0,False,LANEFOLLOW
211,219.447831,1.492054,224.964172,0.0,21.904036,71,0,-1,11.0,False,LANEFOLLOW
212,220.378459,2.348459,225.328369,0.0,24.173227,71,0,-1,12.0,False,LANEFOLLOW
213,221.309097,3.189772,225.726212,0.0,26.442417,71,0,-1,13.0,False,LANEFOLLOW
214,222.239723,4.014673,226.157028,0.0,28.711607,71,0,-1,14.0,False,LANEFOLLOW
215,223.22902,4.879631,226.637192,0.0,29.061829,71,0,-1,15.0,False,LANEFOLLOW
216,224.229018,5.753727,227.12294,0.0,29.061829,71,0,-1,16.0,False,LANEFOLLOW
217,225.229023,6.627823,227.608704,0.0,29.061829,71,0,-1,17.0,False,LANEFOLLOW
218,226.22902,7.501919,228.094452,0.0,29.061829,71,0,-1,18.0,False,LANEFOLLOW
219,227.229018,8.376015,228.5802,0.0,29.061829,71,0,-1,19.0,False,LANEFOLLOW
220,228.229023,9.250112,229.065964,0.0,29.061829,71,0,-1,20.0,False,LANEFOLLOW
221,229.229021,10.124207,229.551712,0.0,29.061829,71,0,-1,21.0,False,LANEFOLLOW
222,230.229019,10.998303,230.03746,0.0,29.061829,71,0,-1,22.0,False,LANEFOLLOW
223,231.229023,11.872399,230.523224,0.0,29.061829,71,0,-1,23.0,False,LANEFOLLOW
224,232.229021,12.746495,231.008972,0.0,29.061829,71,0,-1,24.0,False,LANEFOLLOW
225,233.229019,13.620591,231.49472,0.0,29.061829,71,0,-1,25.0,False,LANEFOLLOW
226,234.229023,14.494687,231.980484,0.0,29.061829,71,0,-1,26.0,False,LANEFOLLOW
227,235.229021,15.368783,232.466232,0.0,29.061829,71,0,-1,27.0,False,LANEFOLLOW
228,236.229018,16.242878,232.951981,0.0,29.061829,71,0,-1,28.0,False,LANEFOLLOW
229,237.229023,17.116974,233.437744,0.0,29.061829,71,0,-1,29.0,False,LANEFOLLOW
230,238.229023,17.991074,233.923492,0.0,29.061829,71,0,-1,30.0,False,LANEFOLLOW
231,239.229021,18.86517,234.409241,0.0,29.061829,71,0,-1,31.0,False,LANEFOLLOW
232,240.229019,19.739265,234.894989,0.0,29.061829,71,0,-1,32.0,False,LANEFOLLOW
233,241.229023,20.613361,235.380753,0.0,29.061829,71,0,-1,33.0,False,LANEFOLLOW
234,242.229021,21.487457,235.866501,0.0,29.061829,71,0,-1,34.0,False,LANEFOLLOW
235,243.229026,22.361553,236.352264,0.0,29.061829,71,0,-1,35.0,False,LANEFOLLOW
236,244.229023,23.235649,236.838013,0.0,29.061829,71,0,-1,36.0,False,LANEFOLLOW
237,245.229021,24.109745,237.323761,0.0,29.061829,71,0,-1,37.0,False,LANEFOLLOW
238,246.229019,24.983841,237.809509,0.0,29.061829,71,0,-1,38.0,False,LANEFOLLOW
239,247.229023,25.857937,238.295273,0.0,29.061829,71,0,-1,39.0,False,LANEFOLLOW
240,248.426173,26.904491,238.876556,0.0,28.996191,269,0,-1,0.0,True,LANEFOLLOW
241,248.426173,26.904491,238.876556,0.0,28.996191,275,0,-1,0.0,True,STRAIGHT
242,249.426174,27.779142,239.361313,0.0,28.996191,275,0,-1,1.0,True,STRAIGHT
243,250.430582,28.658018,239.847534,0.0,28.852062,275,0,-1,2.0,True,STRAIGHT
244,251.437911,29.541323,240.331772,0.0,28.612047,275,0,-1,3.0,True,STRAIGHT
245,252.44524,30.426649,240.812302,0.0,28.372032,275,0,-1,4.0,True,STRAIGHT
246,253.452564,31.31398,241.289108,0.0,28.132015,275,0,-1,5.0,True,STRAIGHT
247,254.459897,32.203297,241.762222,0.0,27.892002,275,0,-1,6.0,True,STRAIGHT
248,255.467229,33.094589,242.231598,0.0,27.652014,275,0,-1,7.0,True,STRAIGHT
249,256.467225,33.98037,242.695694,0.0,27.652014,275,0,-1,8.0,True,STRAIGHT
250,257.467224,34.866154,243.15979,0.0,27.652014,275,0,-1,9.0,True,STRAIGHT
251,258.469854,35.754524,243.624619,0.0,27.565607,275,0,-1,10.0,True,STRAIGHT
252,259.471103,36.642387,244.087433,0.0,27.524992,275,0,-1,11.0,True,STRAIGHT
253,260.4711,37.529198,244.549561,0.0,27.524992,275,0,-1,12.0,True,STRAIGHT
254,261.471104,38.416008,245.011703,0.0,27.524992,275,0,-1,13.0,True,STRAIGHT
255,262.471098,39.302814,245.473831,0.0,27.524992,275,0,-1,14.0,True,STRAIGHT
256,263.471099,40.189629,245.935959,0.0,27.524992,275,0,-1,15.0,True,STRAIGHT
257,264.701433,41.280697,246.504547,0.0,27.524992,31,0,-1,0.0,False,LANEFOLLOW
258,265.701437,42.167507,246.96669,0.0,27.524992,31,0,-1,1.0,False,LANEFOLLOW
259,266.701431,43.054314,247.428818,0.0,27.524992,31,0,-1,2.0,False,LANEFOLLOW
260,267.701435,43.941124,247.890961,0.0,27.524992,31,0,-1,3.0,False,LANEFOLLOW
261,268.701433,44.827934,248.353088,0.0,27.524992,31,0,-1,4.0,False,LANEFOLLOW
262,269.701437,45.714745,248.815231,0.0,27.524992,31,0,-1,5.0,False,LANEFOLLOW
263,270.701434,46.601555,249.277359,0.0,27.524992,31,0,-1,6.0,False,LANEFOLLOW
264,271.701435,47.488361,249.739502,0.0,27.524992,31,0,-1,7.0,False,LANEFOLLOW
265,272.701432,48.375172,250.20163,0.0,27.524992,31,0,-1,8.0,False,LANEFOLLOW
266,273.701437,49.261982,250.663773,0.0,27.524992,31,0,-1,9.0,False,LANEFOLLOW
267,274.70143,50.148788,251.1259,0.0,27.524992,31,0,-1,10.0,False,LANEFOLLOW
268,275.701435,51.035599,251.588043,0.0,27.524992,31,0,-1,11.0,False,LANEFOLLOW
269,276.701432,51.922409,252.050171,0.0,27.524992,31,0,-1,12.0,False,LANEFOLLOW
270,277.701436,52.809219,252.512314,0.0,27.524992,31,0,-1,13.0,False,LANEFOLLOW
271,278.701434,53.69603,252.974442,0.0,27.524992,31,0,-1,14.0,False,LANEFOLLOW
272,279.701434,54.582836,253.436584,0.0,27.524992,31,0,-1,15.0,False,LANEFOLLOW
273,280.701432,55.469646,253.898712,0.0,27.524992,31,0,-1,16.0,False,LANEFOLLOW
274,281.701436,56.356457,254.360855,0.0,27.524992,31,0,-1,17.0,False,LANEFOLLOW
275,282.70143,57.243263,254.822983,0.0,27.524992,31,0,-1,18.0,False,LANEFOLLOW
276,283.701434,58.130074,255.285126,0.0,27.524992,31,0,-1,19.0,False,LANEFOLLOW
277,284.701431,59.016884,255.747253,0.0,27.524992,31,0,-1,20.0,False,LANEFOLLOW
278,285.701443,59.903694,256.209412,0.0,27.524992,31,0,-1,21.0,False,LANEFOLLOW
279,286.70144,60.790504,256.671539,0.0,27.524992,31,0,-1,22.0,False,LANEFOLLOW
280,287.701434,61.677311,257.133667,0.0,27.524992,31,0,-1,23.0,False,LANEFOLLOW
281,288.701431,62.564121,257.595795,0.0,27.524992,31,0,-1,24.0,False,LANEFOLLOW
282,289.701425,63.450928,258.057922,0.0,27.524992,31,0,-1,25.0,False,LANEFOLLOW
283,290.701436,64.337738,258.520081,0.0,27.524992,31,0,-1,26.0,False,LANEFOLLOW
284,291.701434,65.224548,258.982208,0.0,27.524992,31,0,-1,27.0,False,LANEFOLLOW
285,292.6182,66.034737,259.411224,0.0,30.247717,31,0,-1,28.0,False,LANEFOLLOW
286,294.670806,67.576561,260.766205,0.0,52.153404,765,0,-1,0.0,True,RIGHT
287,295.702387,68.214195,261.577118,0.0,51.118755,765,0,-1,1.0,True,RIGHT
288,296.752482,68.884987,262.38504,0.0,49.477352,765,0,-1,2.0,True,RIGHT
289,297.755915,69.54084,263.14447,0.0,49.367844,765,0,-1,3.0,True,RIGHT
290,298.529386,70.005577,263.762756,0.0,56.767605,765,0,-1,4.0,True,RIGHT
291,299.302822,70.386826,264.435699,0.0,64.167366,765,0,-1,5.0,True,RIGHT
292,300.076274,70.678223,265.152161,0.0,71.567131,765,0,-1,6.0,True,RIGHT
293,300.849723,70.874931,265.900177,0.0,78.966896,765,0,-1,7.0,True,RIGHT
294,301.623169,70.973648,266.667297,0.0,86.366661,765,0,-1,8.0,True,RIGHT
295,302.396637,70.972748,267.440765,0.0,93.766426,765,0,-1,9.0,True,RIGHT
296,303.321399,70.887642,268.361603,0.0,96.227943,765,0,-1,10.0,True,RIGHT
297,304.264096,70.77005,269.296936,0.0,98.103317,765,0,-1,11.0,True,RIGHT
298,305.206746,70.621918,270.227875,0.0,99.978699,765,0,-1,12.0,True,RIGHT
299,306.149433,70.443398,271.153503,0.0,101.85408,765,0,-1,13.0,True,RIGHT
300,307.09211,70.23468,272.072784,0.0,103.729454,765,0,-1,14.0,True,RIGHT
301,308.034785,69.995995,272.984741,0.0,105.604836,765,0,-1,15.0,True,RIGHT
302,309.334006,69.628265,274.230835,0.0,106.655098,42,0,-1,0.0,False,LANEFOLLOW
303,310.250782,69.344719,275.102661,0.0,109.377159,42,0,-1,1.0,False,LANEFOLLOW
304,311.167573,69.020088,275.960052,0.0,112.09922,42,0,-1,2.0,False,LANEFOLLOW
305,312.097719,68.650101,276.813446,0.0,114.382973,42,0,-1,3.0,False,LANEFOLLOW
306,313.09771,68.237267,277.724243,0.0,114.382973,42,0,-1,4.0,False,LANEFOLLOW
307,314.097702,67.824432,278.63504,0.0,114.382973,42,0,-1,5.0,False,LANEFOLLOW
308,315.092921,67.41259,279.541046,0.0,114.540039,42,0,-1,6.0,False,LANEFOLLOW
309,316.086857,66.998222,280.444489,0.0,114.738823,42,0,-1,7.0,False,LANEFOLLOW
310,317.080784,66.580696,281.346466,0.0,114.937614,42,0,-1,8.0,False,LANEFOLLOW
311,318.074714,66.16008,282.247009,0.0,115.136383,42,0,-1,9.0,False,LANEFOLLOW
312,319.068631,65.736305,283.146057,0.0,115.335167,42,0,-1,10.0,False,LANEFOLLOW
313,320.062547,65.309441,284.04364,0.0,115.533958,42,0,-1,11.0,False,LANEFOLLOW
314,321.05649,64.879448,284.939758,0.0,115.732742,42,0,-1,12.0,False,LANEFOLLOW
315,322.050427,64.446365,285.834381,0.0,115.931526,42,0,-1,13.0,False,LANEFOLLOW
316,323.039449,64.011597,286.722717,0.0,116.290237,42,0,-1,14.0,False,LANEFOLLOW
317,324.025249,63.571381,287.604767,0.0,116.755058,42,0,-1,15.0,False,LANEFOLLOW
318,325.011043,63.124035,288.483215,0.0,117.219894,42,0,-1,16.0,False,LANEFOLLOW
319,325.996865,62.669567,289.358032,0.0,117.684715,42,0,-1,17.0,False,LANEFOLLOW
320,326.982678,62.208023,290.229126,0.0,118.149551,42,0,-1,18.0,False,LANEFOLLOW
321,327.968453,61.739429,291.096405,0.0,118.61438,42,0,-1,19.0,False,LANEFOLLOW
322,328.954272,61.263809,291.9599,0.0,119.079208,42,0,-1,20.0,False,LANEFOLLOW
323,329.940048,60.781197,292.819458,0.0,119.544037,42,0,-1,21.0,False,LANEFOLLOW
324,330.931728,60.289299,293.680542,0.0,119.816185,42,0,-1,22.0,False,LANEFOLLOW
325,331.931746,59.79208,294.548187,0.0,119.816185,42,0,-1,23.0,False,LANEFOLLOW
326,332.931737,59.294861,295.415802,0.0,119.816185,42,0,-1,24.0,False,LANEFOLLOW
327,333.931728,58.797642,296.283417,0.0,119.816185,42,0,-1,25.0,False,LANEFOLLOW
328,334.931745,58.300423,297.151062,0.0,119.816185,42,0,-1,26.0,False,LANEFOLLOW
329,335.931736,57.803204,298.018677,0.0,119.816185,42,0,-1,27.0,False,LANEFOLLOW
330,336.931727,57.305984,298.886292,0.0,119.816185,42,0,-1,28.0,False,LANEFOLLOW
331,338.527803,56.512386,300.271088,0.0,119.816185,171,0,-1,0.0,True,LANEFOLLOW
332,338.527803,56.512386,300.271088,0.0,119.816185,174,0,-1,0.0,True,STRAIGHT
333,339.527794,56.015167,301.138702,0.0,119.816185,174,0,-1,1.0,True,STRAIGHT
334,340.533048,55.516151,302.011353,0.0,119.645523,174,0,-1,2.0,True,STRAIGHT
335,341.541716,55.019405,302.889221,0.0,119.361946,174,0,-1,3.0,True,STRAIGHT
336,342.550354,54.527004,303.769501,0.0,119.078369,174,0,-1,4.0,True,STRAIGHT
337,343.559029,54.038971,304.652252,0.0,118.7948,174,0,-1,5.0,True,STRAIGHT
338,344.567683,53.555313,305.537384,0.0,118.511223,174,0,-1,6.0,True,STRAIGHT
339,345.576337,53.076038,306.424896,0.0,118.227699,174,0,-1,7.0,True,STRAIGHT
340,346.583631,52.601456,307.313385,0.0,117.988701,174,0,-1,8.0,True,STRAIGHT
341,347.590933,52.130589,308.203857,0.0,117.749695,174,0,-1,9.0,True,STRAIGHT
342,348.59823,51.663445,309.096283,0.0,117.510696,174,0,-1,10.0,True,STRAIGHT
343,349.605515,51.200016,309.990631,0.0,117.27169,174,0,-1,11.0,True,STRAIGHT
344,350.612817,50.740341,310.886932,0.0,117.032692,174,0,-1,12.0,True,STRAIGHT
345,352.615065,49.834122,312.672363,0.0,116.889381,77,0,-1,0.0,False,LANEFOLLOW
346,353.615061,49.381851,313.56424,0.0,116.889381,77,0,-1,1.0,False,LANEFOLLOW
347,354.615055,48.929585,314.456116,0.0,116.889381,77,0,-1,2.0,False,LANEFOLLOW
348,355.615078,48.477314,315.348022,0.0,116.889381,77,0,-1,3.0,False,LANEFOLLOW
349,356.615074,48.025043,316.239899,0.0,116.889381,77,0,-1,4.0,False,LANEFOLLOW
350,357.61507,47.572773,317.131775,0.0,116.889381,77,0,-1,5.0,False,LANEFOLLOW
351,358.615064,47.120506,318.023651,0.0,116.889381,77,0,-1,6.0,False,LANEFOLLOW
352,359.61506,46.668236,318.915527,0.0,116.889381,77,0,-1,7.0,False,LANEFOLLOW
353,360.615056,46.215965,319.807404,0.0,116.889381,77,0,-1,8.0,False,LANEFOLLOW
354,361.615077,45.763699,320.69931,0.0,116.889381,77,0,-1,9.0,False,LANEFOLLOW
355,362.615073,45.311428,321.591187,0.0,116.889381,77,0,-1,10.0,False,LANEFOLLOW
356,363.615069,44.859158,322.483063,0.0,116.889381,77,0,-1,11.0,False,LANEFOLLOW
357,364.615065,44.406887,323.374939,0.0,116.889381,77,0,-1,12.0,False,LANEFOLLOW
358,365.615059,43.95462,324.266815,0.0,116.889381,77,0,-1,13.0,False,LANEFOLLOW
359,366.615055,43.50235,325.158691,0.0,116.889381,77,0,-1,14.0,False,LANEFOLLOW
360,367.615078,43.050079,326.050598,0.0,116.889381,77,0,-1,15.0,False,LANEFOLLOW
361,368.615072,42.597813,326.942474,0.0,116.889381,77,0,-1,16.0,False,LANEFOLLOW
362,369.615068,42.145542,327.834351,0.0,116.889381,77,0,-1,17.0,False,LANEFOLLOW
363,370.615064,41.693272,328.726227,0.0,116.889381,77,0,-1,18.0,False,LANEFOLLOW
364,371.615058,41.241005,329.618103,0.0,116.889381,77,0,-1,19.0,False,LANEFOLLOW
365,372.615054,40.788734,330.509979,0.0,116.889381,77,0,-1,20.0,False,LANEFOLLOW
366,373.615077,40.336464,331.401886,0.0,116.889381,77,0,-1,21.0,False,LANEFOLLOW
367,374.615073,39.884193,332.293762,0.0,116.889381,77,0,-1,22.0,False,LANEFOLLOW
368,375.615069,39.431923,333.185638,0.0,116.889381,77,0,-1,23.0,False,LANEFOLLOW
369,376.615063,38.979656,334.077515,0.0,116.889381,77,0,-1,24.0,False,LANEFOLLOW
370,377.615059,38.527386,334.969391,0.0,116.889381,77,0,-1,25.0,False,LANEFOLLOW
371,378.615053,38.075119,335.861267,0.0,116.889381,77,0,-1,26.0,False,LANEFOLLOW
372,379.615076,37.622849,336.753174,0.0,116.889381,77,0,-1,27.0,False,LANEFOLLOW
373,380.603427,37.175625,337.634552,0.0,117.271202,77,0,-1,28.0,False,LANEFOLLOW
374,381.468208,36.750034,338.38736,0.0,121.690948,77,0,-1,29.0,False,LANEFOLLOW
375,382.332995,36.267689,339.105133,0.0,126.11068,77,0,-1,30.0,False,LANEFOLLOW
376,383.197778,35.731468,339.7836,0.0,130.530426,77,0,-1,31.0,False,LANEFOLLOW
377,384.062592,35.14455,340.418762,0.0,134.950165,77,0,-1,32.0,False,LANEFOLLOW
378,384.92738,34.510437,341.006775,0.0,139.369904,77,0,-1,33.0,False,LANEFOLLOW
379,386.792518,33.025723,342.135651,0.0,143.76738,77,0,-1,35.0,False,LANEFOLLOW
380,387.789969,32.22105,342.725067,0.0,143.850784,77,0,-1,36.0,False,LANEFOLLOW
381,388.779899,31.420012,343.306702,0.0,144.179947,77,0,-1,37.0,False,LANEFOLLOW
382,389.769845,30.61565,343.883759,0.0,144.509109,77,0,-1,38.0,False,LANEFOLLOW
383,390.548024,29.969114,344.316833,0.0,151.751724,77,0,-1,39.0,False,LANEFOLLOW
384,391.160561,29.400885,344.545563,0.0,164.396744,77,0,-1,40.0,False,LANEFOLLOW
385,391.773098,28.796366,344.644348,0.0,177.041748,77,0,-1,41.0,False,LANEFOLLOW
386,393.193633,27.37694,344.70047,0.0,177.743637,761,0,-1,0.0,True,STRAIGHT
387,394.193634,26.377714,344.739838,0.0,177.743637,761,0,-1,1.0,True,STRAIGHT
388,395.133304,25.438368,344.764496,0.0,179.716766,761,0,-1,2.0,True,STRAIGHT
389,396.055705,24.516104,344.748627,0.0,182.254929,761,0,-1,3.0,True,STRAIGHT
390,396.978103,23.595448,344.691956,0.0,184.793091,761,0,-1,4.0,True,STRAIGHT
391,397.900509,22.678204,344.594513,0.0,187.331268,761,0,-1,5.0,True,STRAIGHT
392,398.822904,21.766176,344.456604,0.0,189.869446,761,0,-1,6.0,True,STRAIGHT
393,399.744926,20.861525,344.278473,0.0,-167.579865,761,0,-1,7.0,True,STRAIGHT
394,400.664343,19.968412,344.06012,0.0,-164.944183,761,0,-1,8.0,True,STRAIGHT
395,401.58376,19.086285,343.800934,0.0,-162.308502,761,0,-1,9.0,True,STRAIGHT
396,402.503176,18.217007,343.501465,0.0,-159.672836,761,0,-1,10.0,True,STRAIGHT
397,403.422585,17.362421,343.162354,0.0,-157.037155,761,0,-1,11.0,True,STRAIGHT
398,404.342006,16.524334,342.784271,0.0,-154.401489,761,0,-1,12.0,True,STRAIGHT
399,406.041344,15.007181,342.018768,0.0,-153.034943,54,0,-1,0.0,False,LANEFOLLOW
400,407.04135,14.115898,341.565308,0.0,-153.034943,54,0,-1,1.0,False,LANEFOLLOW
401,408.041343,13.224614,341.111877,0.0,-153.034943,54,0,-1,2.0,False,LANEFOLLOW
402,409.041349,12.333331,340.658417,0.0,-153.034943,54,0,-1,3.0,False,LANEFOLLOW
403,410.041341,11.442048,340.204987,0.0,-153.034943,54,0,-1,4.0,False,LANEFOLLOW
404,411.041347,10.550765,339.751526,0.0,-153.034943,54,0,-1,5.0,False,LANEFOLLOW
405,412.041339,9.659482,339.298096,0.0,-153.034943,54,0,-1,6.0,False,LANEFOLLOW
406,413.041346,8.768198,338.844635,0.0,-153.034943,54,0,-1,7.0,False,LANEFOLLOW
407,414.041339,7.876915,338.391205,0.0,-153.034943,54,0,-1,8.0,False,LANEFOLLOW
408,415.041345,6.985631,337.937744,0.0,-153.034943,54,0,-1,9.0,False,LANEFOLLOW
409,416.041337,6.094348,337.484314,0.0,-153.034943,54,0,-1,10.0,False,LANEFOLLOW
410,417.041344,5.203064,337.030853,0.0,-153.034943,54,0,-1,11.0,False,LANEFOLLOW
411,418.04135,4.311781,336.577393,0.0,-153.034943,54,0,-1,12.0,False,LANEFOLLOW
412,419.041342,3.420499,336.123962,0.0,-153.034943,54,0,-1,13.0,False,LANEFOLLOW
413,420.041348,2.529216,335.670502,0.0,-153.034943,54,0,-1,14.0,False,LANEFOLLOW
414,421.04134,1.637933,335.217072,0.0,-153.034943,54,0,-1,15.0,False,LANEFOLLOW
415,422.041347,0.746648,334.763611,0.0,-153.034943,54,0,-1,16.0,False,LANEFOLLOW
416,423.041339,-0.144635,334.310181,0.0,-153.034943,54,0,-1,17.0,False,LANEFOLLOW
417,424.041345,-1.035918,333.85672,0.0,-153.034943,54,0,-1,18.0,False,LANEFOLLOW
418,425.041337,-1.927201,333.40329,0.0,-153.034943,54,0,-1,19.0,False,LANEFOLLOW
419,426.041343,-2.818484,332.949829,0.0,-153.034943,54,0,-1,20.0,False,LANEFOLLOW
420,427.041349,-3.709767,332.496368,0.0,-153.034943,54,0,-1,21.0,False,LANEFOLLOW
421,428.041343,-4.601052,332.042938,0.0,-153.034943,54,0,-1,22.0,False,LANEFOLLOW
422,429.041349,-5.492335,331.589478,0.0,-153.034943,54,0,-1,23.0,False,LANEFOLLOW
423,430.638727,-6.916062,330.865173,0.0,-153.034943,468,0,-1,0.0,True,LANEFOLLOW
424,430.638727,-6.916062,330.865173,0.0,-153.034943,475,0,-1,0.0,True,STRAIGHT
425,431.638733,-7.807346,330.411713,0.0,-153.034943,475,0,-1,1.0,True,STRAIGHT
426,433.123095,-9.244335,330.039703,0.0,-168.708023,468,0,-1,2.0,True,LANEFOLLOW
427,434.377183,-10.48877,329.884399,0.0,-177.063416,468,0,-1,3.0,True,LANEFOLLOW
428,435.631271,-11.742563,329.91156,0.0,-185.418808,468,0,-1,4.0,True,LANEFOLLOW
429,436.885361,-12.979103,330.120636,0.0,-193.774185,468,0,-1,5.0,True,LANEFOLLOW
430,438.138311,-14.171137,330.506561,0.0,157.907745,468,0,-1,6.0,True,LANEFOLLOW
431,439.39006,-15.293969,331.059845,0.0,149.630066,468,0,-1,7.0,True,LANEFOLLOW
432,440.641791,-16.325451,331.768982,0.0,141.352371,468,0,-1,8.0,True,LANEFOLLOW
433,441.89354,-17.244091,332.619263,0.0,133.074677,468,0,-1,9.0,True,LANEFOLLOW
434,443.145253,-18.030745,333.592896,0.0,124.796974,468,0,-1,10.0,True,LANEFOLLOW
435,444.41993,-18.680021,334.689819,0.0,117.188698,3,4,1,131.293533,False,LANEFOLLOW
436,445.419921,-19.136944,335.579315,0.0,117.188698,3,4,1,130.293533,False,LANEFOLLOW
437,446.419937,-19.593864,336.468842,0.0,117.188698,3,4,1,129.293533,False,LANEFOLLOW
438,447.419929,-20.050789,337.358337,0.0,117.188698,3,4,1,128.293533,False,LANEFOLLOW
439,448.419918,-20.50771,338.247833,0.0,117.188698,3,4,1,127.293533,False,LANEFOLLOW
440,449.419937,-20.964634,339.13736,0.0,117.188698,3,4,1,126.293533,False,LANEFOLLOW
441,450.419927,-21.421555,340.026855,0.0,117.188698,3,4,1,125.293533,False,LANEFOLLOW
442,451.419917,-21.878477,340.916351,0.0,117.188698,3,4,1,124.293533,False,LANEFOLLOW
443,453.163743,-22.675264,342.467499,0.0,117.188698,3,3,1,122.549722,False,LANEFOLLOW
444,454.163733,-23.132187,343.356995,0.0,117.188698,3,2,1,121.549722,False,LANEFOLLOW
445,454.560786,-22.950762,343.003815,0.0,117.188698,3,2,1,121.946781,False,LANEFOLLOW
446,455.560777,-23.407684,343.893311,0.0,117.188698,3,2,1,120.946781,False,LANEFOLLOW
447,456.560795,-23.864607,344.782837,0.0,117.188698,3,2,1,119.946781,False,LANEFOLLOW
448,457.560785,-24.321529,345.672333,0.0,117.188698,3,2,1,118.946781,False,LANEFOLLOW
449,458.560776,-24.778452,346.561829,0.0,117.188698,3,2,1,117.946781,False,LANEFOLLOW
450,459.560793,-25.235374,347.451355,0.0,117.188698,3,2,1,116.946781,False,LANEFOLLOW
451,460.560783,-25.692295,348.340851,0.0,117.188698,3,2,1,115.946781,False,LANEFOLLOW
452,461.560774,-26.14922,349.230347,0.0,117.188698,3,2,1,114.946781,False,LANEFOLLOW
453,462.560791,-26.60614,350.119873,0.0,117.188698,3,2,1,113.946781,False,LANEFOLLOW
454,463.560782,-27.063063,351.009369,0.0,117.188698,3,2,1,112.946781,False,LANEFOLLOW
455,464.560772,-27.519985,351.898865,0.0,117.188698,3,2,1,111.946781,False,LANEFOLLOW
456,465.56079,-27.976908,352.788391,0.0,117.188698,3,2,1,110.946781,False,LANEFOLLOW
457,466.56078,-28.43383,353.677887,0.0,117.188698,3,2,1,109.946781,False,LANEFOLLOW
458,467.560798,-28.890753,354.567413,0.0,117.188698,3,2,1,108.946781,False,LANEFOLLOW
459,468.560789,-29.347675,355.456909,0.0,117.188698,3,2,1,107.946781,False,LANEFOLLOW
460,469.739576,-29.886204,356.505493,0.0,117.153183,3,2,1,106.769092,False,CHANGELANERIGHT
461,475.885495,-35.440807,359.135834,0.0,116.318405,3,2,2,101.946781,False,LANEFOLLOW
462,476.896544,-35.888134,360.042542,0.0,116.195541,3,2,2,100.946781,False,LANEFOLLOW
463,477.907591,-36.333534,360.950195,0.0,116.072945,3,2,2,99.946781,False,LANEFOLLOW
464,478.918602,-36.776981,361.858765,0.0,115.950615,3,2,2,98.946781,False,LANEFOLLOW
465,479.929639,-37.218479,362.768311,0.0,115.828552,3,2,2,97.946781,False,LANEFOLLOW
466,480.940624,-37.658031,363.678741,0.0,115.706764,3,2,2,96.946781,False,LANEFOLLOW
467,481.941577,-38.092018,364.580719,0.0,115.689705,3,2,2,95.946781,False,LANEFOLLOW
468,482.941613,-38.525475,365.481934,0.0,115.683052,3,2,2,94.946781,False,LANEFOLLOW
469,483.941601,-38.95882,366.383148,0.0,115.676659,3,2,2,93.946781,False,LANEFOLLOW
470,484.941631,-39.392071,367.284454,0.0,115.670532,3,2,2,92.946781,False,LANEFOLLOW
471,485.941646,-39.825226,368.185791,0.0,115.664673,3,2,2,91.946781,False,LANEFOLLOW
472,486.941679,-40.258293,369.087189,0.0,115.659088,3,2,2,90.946781,False,LANEFOLLOW
473,487.941675,-40.691277,369.988586,0.0,115.653778,3,2,2,89.946781,False,LANEFOLLOW
474,488.94169,-41.124176,370.890045,0.0,115.648727,3,2,2,88.946781,False,LANEFOLLOW
475,489.941728,-41.557003,371.791565,0.0,115.643944,3,2,2,87.946781,False,LANEFOLLOW
476,490.941734,-41.989754,372.693085,0.0,115.639435,3,2,2,86.946781,False,LANEFOLLOW
477,491.941765,-42.422436,373.594666,0.0,115.635201,3,2,2,85.946781,False,LANEFOLLOW
478,492.941766,-42.855049,374.496246,0.0,115.631218,3,2,2,84.946781,False,LANEFOLLOW
479,493.941828,-43.287613,375.397919,0.0,115.627518,3,2,2,83.946781,False,LANEFOLLOW
480,494.941835,-43.720112,376.299561,0.0,115.624092,3,2,2,82.946781,False,LANEFOLLOW
481,495.941849,-44.152565,377.201233,0.0,115.620918,3,2,2,81.946781,False,LANEFOLLOW
482,496.941895,-44.584965,378.102966,0.0,115.618027,3,2,2,80.946781,False,LANEFOLLOW
483,497.941896,-45.017323,379.004669,0.0,115.615402,3,2,2,79.946781,False,LANEFOLLOW
484,498.941935,-45.449642,379.906433,0.0,115.613045,3,2,2,78.946781,False,LANEFOLLOW
485,499.941961,-45.881931,380.808197,0.0,115.610954,3,2,2,77.946781,False,LANEFOLLOW
486,500.941998,-46.314182,381.709991,0.0,115.609138,3,2,2,76.946781,False,LANEFOLLOW
487,501.941998,-46.74641,382.611755,0.0,115.60759,3,2,2,75.946781,False,LANEFOLLOW
488,502.942044,-47.178619,383.51358,0.0,115.606308,3,2,2,74.946781,False,LANEFOLLOW
489,503.942053,-47.610806,384.415375,0.0,115.605293,3,2,2,73.946781,False,LANEFOLLOW
490,504.942083,-48.042976,385.3172,0.0,115.604553,3,2,2,72.946781,False,LANEFOLLOW
491,505.942111,-48.475143,386.219025,0.0,115.60408,3,2,2,71.946781,False,LANEFOLLOW
492,506.942136,-48.907303,387.12085,0.0,115.603874,3,2,2,70.946781,False,LANEFOLLOW
493,507.942161,-49.339462,388.022675,0.0,115.603935,3,2,2,69.946781,False,LANEFOLLOW
494,508.942188,-49.771626,388.9245,0.0,115.604271,3,2,2,68.946781,False,LANEFOLLOW
495,509.942216,-50.203793,389.826324,0.0,115.604874,3,2,2,67.946781,False,LANEFOLLOW
496,510.942249,-50.635971,390.728149,0.0,115.605743,3,2,2,66.946781,False,LANEFOLLOW
497,511.942262,-51.068165,391.629944,0.0,115.606888,3,2,2,65.946781,False,LANEFOLLOW
498,512.942285,-51.500385,392.531738,0.0,115.608292,3,2,2,64.946781,False,LANEFOLLOW
